Data_Hora;Pot_Gerador_MW;Pot_Reator_MW
16/06/2020;1147,64001;3264,73706
16/06/2020 00:10:00;1147,89905;3253,06592
16/06/2020 00:20:00;1147,64001;3238,51611
16/06/2020 00:30:00;1148,15906;3256,04102
16/06/2020 00:40:00;1148,41797;3247,87988
16/06/2020 00:50:00;1148,80701;3265,22607
16/06/2020 01:00:00;1148,677;3251,22803
16/06/2020 01:10:00;1147,25;3260,56299
16/06/2020 01:20:00;1148,54797;3252,98291
16/06/2020 01:30:00;1148,02905;3251,05005
16/06/2020 01:40:00;1148,15906;3246,35596
16/06/2020 01:50:00;1148,28796;3265,11206
16/06/2020 02:00:00;1148,15906;3242,58789
16/06/2020 02:10:00;1148,28796;3237,36694
16/06/2020 02:20:00;1148,41797;3236,29004
16/06/2020 02:30:00;1148,15906;3270,21997
16/06/2020 02:40:00;1148,28796;3260,61792
16/06/2020 02:50:00;1149,19604;3250,2229
16/06/2020 03:00:00;1148,54797;3249,15088
16/06/2020 03:10:00;1147,51001;3264,16602
16/06/2020 03:20:00;1148,54797;3245,21411
16/06/2020 03:30:00;1148,15906;3242,75293
16/06/2020 03:40:00;1149,71497;3268,91895
16/06/2020 03:50:00;1148,02905;3258,13501
16/06/2020 04:00:00;1148,54797;3234,83301
16/06/2020 04:10:00;1147,64001;3257,2959
16/06/2020 04:20:00;1149,06702;3250,21094
16/06/2020 04:30:00;1143,099;3240,8689
16/06/2020 04:40:00;1144,00696;3235,07788
16/06/2020 04:50:00;1143,229;3241,15088
16/06/2020 05:00:00;1142,19104;3236,71606
16/06/2020 05:10:00;1143,229;3233,74512
16/06/2020 05:20:00;1142,44995;3258,50391
16/06/2020 05:30:00;1141,672;3255,66406
16/06/2020 05:40:00;1142,19104;3232,52393
16/06/2020 05:50:00;1142,19104;3246,33398
16/06/2020 06:00:00;1141,41199;3228,24609
16/06/2020 06:10:00;1141,54199;3236,80908
16/06/2020 06:20:00;1141,54199;3231,0271
16/06/2020 06:30:00;1141,41199;3244,1001
16/06/2020 06:40:00;1141,672;3241,66797
16/06/2020 06:50:00;1142,57996;3228,12695
16/06/2020 07:00:00;1142,44995;3227,64111
16/06/2020 07:10:00;1141,28296;3206,33203
16/06/2020 07:20:00;1142,06104;3238,83301
16/06/2020 07:30:00;1141,802;3226,89111
16/06/2020 07:40:00;1142,06104;3236,94702
16/06/2020 07:50:00;1141,93103;3249,28809
16/06/2020 08:00:00;1143,229;3240,90991
16/06/2020 08:10:00;1141,41199;3236,3811
16/06/2020 08:20:00;1142,57996;3237,39111
16/06/2020 08:30:00;1142,57996;3221,12305
16/06/2020 08:40:00;1141,672;3234,88599
16/06/2020 08:50:00;1141,15295;3233,70898
16/06/2020 09:00:00;1143,35803;3229,23511
16/06/2020 09:10:00;1142,31995;3247,44604
16/06/2020 09:20:00;1141,28296;3234,41089
16/06/2020 09:30:00;1141,672;3262,59302
16/06/2020 09:40:00;1142,83899;3236,06104
16/06/2020 09:50:00;1142,70996;3238,05811
16/06/2020 10:00:00;1142,31995;3217,1499
16/06/2020 10:10:00;1142,70996;3243,57397
16/06/2020 10:20:00;1140,11499;3247,1311
16/06/2020 10:30:00;1142,70996;3226,73608
16/06/2020 10:40:00;1142,96899;3240,6001
16/06/2020 10:50:00;1142,44995;3232,58203
16/06/2020 11:00:00;1142,19104;3241,74902
16/06/2020 11:10:00;1142,44995;3223,03003
16/06/2020 11:20:00;1142,19104;3240,54004
16/06/2020 11:30:00;1143,48804;3235,42407
16/06/2020 11:40:00;1143,229;3239,16211
16/06/2020 11:50:00;1143,35803;3220,06201
16/06/2020 12:00:00;1144,00696;3252,01709
16/06/2020 12:10:00;1142,31995;3227,93994
16/06/2020 12:20:00;1142,57996;3246,927
16/06/2020 12:30:00;1141,41199;3220,55396
16/06/2020 12:40:00;1142,96899;3240,80688
16/06/2020 12:50:00;1143,229;3250,17603
16/06/2020 13:00:00;1142,44995;3226,62012
16/06/2020 13:10:00;1143,099;3228,06592
16/06/2020 13:20:00;1141,54199;3232,93188
16/06/2020 13:30:00;1142,96899;3226,20508
16/06/2020 13:40:00;1142,31995;3241,68896
16/06/2020 13:50:00;1142,57996;3258,62207
16/06/2020 14:00:00;1142,06104;3235,91406
16/06/2020 14:10:00;1144,00696;3225,97998
16/06/2020 14:20:00;1141,54199;3258,15991
16/06/2020 14:30:00;1142,19104;3233,70508
16/06/2020 14:40:00;1141,802;3245,57007
16/06/2020 14:50:00;1140,37402;3240,50903
16/06/2020 15:00:00;1143,74805;3230,68701
16/06/2020 15:10:00;1142,70996;3252,06396
16/06/2020 15:20:00;1143,099;3222,75708
16/06/2020 15:30:00;1142,83899;3253,41211
16/06/2020 15:40:00;1141,672;3217,49097
16/06/2020 15:50:00;1141,93103;3237,98389
16/06/2020 16:00:00;1143,74805;3221,396
16/06/2020 16:10:00;1143,229;3232,86792
16/06/2020 16:20:00;1142,44995;3249,93799
16/06/2020 16:30:00;1142,70996;3232,96899
16/06/2020 16:40:00;1143,74805;3244,87891
16/06/2020 16:50:00;1142,06104;3240,84399
16/06/2020 17:00:00;1142,57996;3239,09204
16/06/2020 17:10:00;1142,96899;3236,13599
16/06/2020 17:20:00;1142,57996;3252,5249
16/06/2020 17:30:00;1141,41199;3221,62012
16/06/2020 17:40:00;1141,02295;3239,68799
16/06/2020 17:50:00;1143,35803;3228,1521
16/06/2020 18:00:00;1142,19104;3236,53906
16/06/2020 18:10:00;1141,802;3241,11694
16/06/2020 18:20:00;1142,31995;3245,78906
16/06/2020 18:30:00;1142,31995;3249,98389
16/06/2020 18:40:00;1142,70996;3242,81592
16/06/2020 18:50:00;1142,44995;3238,28491
16/06/2020 19:00:00;1141,41199;3214,6311
16/06/2020 19:10:00;1143,48804;3239,95288
16/06/2020 19:20:00;1144,396;3253,41211
16/06/2020 19:30:00;1141,93103;3235,60498
16/06/2020 19:40:00;1142,96899;3231,15796
16/06/2020 19:50:00;1141,802;3245,10596
16/06/2020 20:00:00;1142,83899;3241,75098
16/06/2020 20:10:00;1142,83899;3229,23291
16/06/2020 20:20:00;1141,93103;3225,17505
16/06/2020 20:30:00;1145,69299;3247,95093
16/06/2020 20:40:00;1141,54199;3225,09692
16/06/2020 20:50:00;1141,802;3242,09399
16/06/2020 21:00:00;1142,19104;3236,16699
16/06/2020 21:10:00;1142,96899;3243,28809
16/06/2020 21:20:00;1142,06104;3227,2019
16/06/2020 21:30:00;1142,31995;3244,22705
16/06/2020 21:40:00;1142,57996;3241,93311
16/06/2020 21:50:00;1144,65601;3233,00708
16/06/2020 22:00:00;1143,099;3249,38794
16/06/2020 22:10:00;1145,17505;3240,3291
16/06/2020 22:20:00;1141,802;3242,05298
16/06/2020 22:30:00;1142,06104;3236,70605
16/06/2020 22:40:00;1142,19104;3230,60303
16/06/2020 22:50:00;1143,35803;3225,35107
16/06/2020 23:00:00;1142,57996;3234,26709
16/06/2020 23:10:00;1142,70996;3228,72803
16/06/2020 23:20:00;1142,44995;3228,57495
16/06/2020 23:30:00;1142,57996;3230,37402
16/06/2020 23:40:00;1142,44995;3231,83789
16/06/2020 23:50:00;1141,28296;3258,19702
17/06/2020;1141,93103;3234,40894
17/06/2020 00:10:00;1141,02295;3226,69409
17/06/2020 00:20:00;1142,83899;3220,17896
17/06/2020 00:30:00;1142,19104;3249,36401
17/06/2020 00:40:00;1144,00696;3239,24902
17/06/2020 00:50:00;1141,93103;3240,32104
17/06/2020 01:00:00;1141,93103;3233,75293
17/06/2020 01:10:00;1142,31995;3242,53198
17/06/2020 01:20:00;1141,802;3234,79199
17/06/2020 01:30:00;1142,57996;3230,16797
17/06/2020 01:40:00;1141,41199;3249,198
17/06/2020 01:50:00;1142,19104;3228,68994
17/06/2020 02:00:00;1142,70996;3235,03906
17/06/2020 02:10:00;1142,44995;3213,96899
17/06/2020 02:20:00;1143,099;3238,03711
17/06/2020 02:30:00;1141,41199;3227,90991
17/06/2020 02:40:00;1141,28296;3244,9021
17/06/2020 02:50:00;1142,96899;3246,17505
17/06/2020 03:00:00;1142,31995;3244,01611
17/06/2020 03:10:00;1141,54199;3233,33911
17/06/2020 03:20:00;1142,57996;3238,99902
17/06/2020 03:30:00;1143,229;3254,14209
17/06/2020 03:40:00;1141,672;3244,84497
17/06/2020 03:50:00;1143,61804;3250,03711
17/06/2020 04:00:00;1142,57996;3234,09009
17/06/2020 04:10:00;1142,31995;3230,3269
17/06/2020 04:20:00;1142,31995;3214,23389
17/06/2020 04:30:00;1142,70996;3243,68311
17/06/2020 04:40:00;1141,672;3225,24194
17/06/2020 04:50:00;1142,44995;3238,8479
17/06/2020 05:00:00;1141,15295;3230,40698
17/06/2020 05:10:00;1142,44995;3245,96802
17/06/2020 05:20:00;1142,70996;3233,43408
17/06/2020 05:30:00;1143,74805;3215,76709
17/06/2020 05:40:00;1141,54199;3251,46704
17/06/2020 05:50:00;1142,96899;3247,0769
17/06/2020 06:00:00;1142,06104;3246,34399
17/06/2020 06:10:00;1143,48804;3237,90405
17/06/2020 06:20:00;1143,229;3243,06494
17/06/2020 06:30:00;1142,96899;3231,96094
17/06/2020 06:40:00;1143,099;3240,37793
17/06/2020 06:50:00;1143,74805;3235,50195
17/06/2020 07:00:00;1142,44995;3252,08789
17/06/2020 07:10:00;1144,396;3263,10498
17/06/2020 07:20:00;1142,57996;3239,54199
17/06/2020 07:30:00;1142,44995;3233,81592
17/06/2020 07:40:00;1142,31995;3220,40991
17/06/2020 07:50:00;1142,57996;3227,92505
17/06/2020 08:00:00;1141,672;3234,64893
17/06/2020 08:10:00;1142,83899;3236,84912
17/06/2020 08:20:00;1142,83899;3232,18994
17/06/2020 08:30:00;1141,41199;3235,99194
17/06/2020 08:40:00;1142,83899;3226,64697
17/06/2020 08:50:00;1142,44995;3246,52197
17/06/2020 09:00:00;1142,19104;3226,77808
17/06/2020 09:10:00;1141,54199;3221,229
17/06/2020 09:20:00;1142,44995;3229,51904
17/06/2020 09:30:00;1142,83899;3241,46997
17/06/2020 09:40:00;1141,802;3230,52197
17/06/2020 09:50:00;1141,54199;3248,53809
17/06/2020 10:00:00;1143,099;3242,57397
17/06/2020 10:10:00;1141,93103;3240,15503
17/06/2020 10:20:00;1142,96899;3237,92798
17/06/2020 10:30:00;1142,57996;3231,31104
17/06/2020 10:40:00;1143,099;3238,73706
17/06/2020 10:50:00;1142,31995;3248,70093
17/06/2020 11:00:00;1143,48804;3231,69995
17/06/2020 11:10:00;1142,57996;3231,70703
17/06/2020 11:20:00;1141,54199;3246,88599
17/06/2020 11:30:00;1141,54199;3227,22705
17/06/2020 11:40:00;1142,06104;3233,13501
17/06/2020 11:50:00;1143,099;3227,21191
17/06/2020 12:00:00;1142,57996;3255,13599
17/06/2020 12:10:00;1142,96899;3225,81201
17/06/2020 12:20:00;1141,15295;3231,2981
17/06/2020 12:30:00;1142,19104;3251,72705
17/06/2020 12:40:00;1142,06104;3220,99902
17/06/2020 12:50:00;1142,96899;3241,16089
17/06/2020 13:00:00;1141,802;3246,96509
17/06/2020 13:10:00;1143,099;3219,5271
17/06/2020 13:20:00;1141,93103;3238,71191
17/06/2020 13:30:00;1141,93103;3239,09204
17/06/2020 13:40:00;1141,93103;3242,59302
17/06/2020 13:50:00;1141,802;3233,96606
17/06/2020 14:00:00;1142,19104;3245,48389
17/06/2020 14:10:00;1145,69299;3238,74707
17/06/2020 14:20:00;1144,26599;3258,86206
17/06/2020 14:30:00;1142,31995;3248,30688
17/06/2020 14:40:00;1142,83899;3246,57397
17/06/2020 14:50:00;1143,099;3249,35205
17/06/2020 15:00:00;1143,099;3235,66797
17/06/2020 15:10:00;1142,31995;3247,56201
17/06/2020 15:20:00;1145,43396;3241,0249
17/06/2020 15:30:00;1143,35803;3245,83008
17/06/2020 15:40:00;1144,78503;3226,95703
17/06/2020 15:50:00;1144,65601;3218,4541
17/06/2020 16:00:00;1144,65601;3241,04102
17/06/2020 16:10:00;1142,96899;3227,77002
17/06/2020 16:20:00;1142,44995;3254,06104
17/06/2020 16:30:00;1143,61804;3244,68604
17/06/2020 16:40:00;1143,61804;3239,62402
17/06/2020 16:50:00;1142,06104;3262,90308
17/06/2020 17:00:00;1141,54199;3227,77197
17/06/2020 17:10:00;1143,099;3233,45093
17/06/2020 17:20:00;1141,93103;3219,69604
17/06/2020 17:30:00;1143,35803;3239,77905
17/06/2020 17:40:00;1143,74805;3240,1709
17/06/2020 17:50:00;1142,44995;3221,68701
17/06/2020 18:00:00;1143,87695;3255,93799
17/06/2020 18:10:00;1143,099;3232,11304
17/06/2020 18:20:00;1143,099;3234,28589
17/06/2020 18:30:00;1142,44995;3229,29395
17/06/2020 18:40:00;1142,19104;3217,70288
17/06/2020 18:50:00;1143,48804;3239,82104
17/06/2020 19:00:00;1143,229;3229,0249
17/06/2020 19:10:00;1141,93103;3239,22607
17/06/2020 19:20:00;1142,44995;3237,896
17/06/2020 19:30:00;1142,57996;3243,79004
17/06/2020 19:40:00;1143,35803;3235,41309
17/06/2020 19:50:00;1143,229;3250,25806
17/06/2020 20:00:00;1144,526;3218,75195
17/06/2020 20:10:00;1144,00696;3254,86108
17/06/2020 20:20:00;1143,48804;3238,45508
17/06/2020 20:30:00;1145,17505;3219,12109
17/06/2020 20:40:00;1145,04504;3236,17407
17/06/2020 20:50:00;1142,83899;3240,12891
17/06/2020 21:00:00;1143,35803;3247,67407
17/06/2020 21:10:00;1143,229;3244,84497
17/06/2020 21:20:00;1142,83899;3242,85596
17/06/2020 21:30:00;1143,35803;3241,89404
17/06/2020 21:40:00;1144,26599;3217,66504
17/06/2020 21:50:00;1143,61804;3230,63599
17/06/2020 22:00:00;1143,74805;3234,72412
17/06/2020 22:10:00;1143,48804;3239,82104
17/06/2020 22:20:00;1143,229;3246,11206
17/06/2020 22:30:00;1143,229;3252,39893
17/06/2020 22:40:00;1142,96899;3254,30103
17/06/2020 22:50:00;1143,48804;3236,20288
17/06/2020 23:00:00;1143,48804;3213,79297
17/06/2020 23:10:00;1143,87695;3230,08105
17/06/2020 23:20:00;1143,35803;3223,46094
17/06/2020 23:30:00;1143,61804;3238,00903
17/06/2020 23:40:00;1141,802;3247,01709
17/06/2020 23:50:00;1143,48804;3223,87598
18/06/2020;1143,35803;3250,57788
18/06/2020 00:10:00;1142,44995;3244,67993
18/06/2020 00:20:00;1143,61804;3250,05688
18/06/2020 00:30:00;1143,48804;3235,83301
18/06/2020 00:40:00;1138,81799;3208,23706
18/06/2020 00:50:00;1139,20703;3216,979
18/06/2020 01:00:00;1138,55798;3235,12402
18/06/2020 01:10:00;1137,52002;3238,92896
18/06/2020 01:20:00;1136,87195;3216,70801
18/06/2020 01:30:00;1139,07703;3215,05298
18/06/2020 01:40:00;1138,42798;3238,72095
18/06/2020 01:50:00;1137,65002;3235,7959
18/06/2020 02:00:00;1137,52002;3217,53394
18/06/2020 02:10:00;1138,16895;3224,01099
18/06/2020 02:20:00;1137,52002;3229,63892
18/06/2020 02:30:00;1137,13098;3217,34399
18/06/2020 02:40:00;1138,03894;3233,80298
18/06/2020 02:50:00;1136,87195;3231,87012
18/06/2020 03:00:00;1138,42798;3230,26196
18/06/2020 03:10:00;1137,78003;3227,06909
18/06/2020 03:20:00;1137,65002;3220,60205
18/06/2020 03:30:00;1138,16895;3235,20801
18/06/2020 03:40:00;1137,65002;3233,69702
18/06/2020 03:50:00;1138,55798;3218,73999
18/06/2020 04:00:00;1138,94702;3238,52588
18/06/2020 04:10:00;1138,03894;3228,64404
18/06/2020 04:20:00;1138,42798;3229,81299
18/06/2020 04:30:00;1138,29895;3239,81494
18/06/2020 04:40:00;1137,78003;3244,625
18/06/2020 04:50:00;1138,42798;3221,19092
18/06/2020 05:00:00;1138,42798;3218,36499
18/06/2020 05:10:00;1137,00098;3235,2749
18/06/2020 05:20:00;1138,42798;3231,52393
18/06/2020 05:30:00;1138,03894;3216,64795
18/06/2020 05:40:00;1133,75806;3205,5979
18/06/2020 05:50:00;1134,01697;3219,11401
18/06/2020 06:00:00;1132,45996;3215,89111
18/06/2020 06:10:00;1131,68201;3200,24609
18/06/2020 06:20:00;1132,07104;3192,23291
18/06/2020 06:30:00;1132,45996;3196,19604
18/06/2020 06:40:00;1133,23901;3222,13306
18/06/2020 06:50:00;1133,36902;3209,25195
18/06/2020 07:00:00;1133,75806;3190,51001
18/06/2020 07:10:00;1132,71997;3226,0061
18/06/2020 07:20:00;1132,71997;3220,96997
18/06/2020 07:30:00;1132,33105;3212,89893
18/06/2020 07:40:00;1133,10901;3183,35889
18/06/2020 07:50:00;1131,68201;3214,48804
18/06/2020 08:00:00;1132,84998;3223,33789
18/06/2020 08:10:00;1132,20105;3223,73291
18/06/2020 08:20:00;1133,36902;3235,69189
18/06/2020 08:30:00;1132,979;3205,01392
18/06/2020 08:40:00;1132,979;3211,05493
18/06/2020 08:50:00;1132,20105;3209,35303
18/06/2020 09:00:00;1132,58997;3207,43604
18/06/2020 09:10:00;1133,36902;3202,65894
18/06/2020 09:20:00;1133,23901;3211,41895
18/06/2020 09:30:00;1133,23901;3227,57593
18/06/2020 09:40:00;1131,42297;3214,24292
18/06/2020 09:50:00;1131,16296;3224,36792
18/06/2020 10:00:00;1131,42297;3211,05591
18/06/2020 10:10:00;1130,64404;3223,26904
18/06/2020 10:20:00;1131,42297;3208,06201
18/06/2020 10:30:00;1131,16296;3222,98096
18/06/2020 10:40:00;1131,81201;3227,47607
18/06/2020 10:50:00;1114,68701;3151,25391
18/06/2020 11:00:00;1116,24402;3165,229
18/06/2020 11:10:00;1116,11401;3177,10596
18/06/2020 11:20:00;1114,03796;3166,76807
18/06/2020 11:30:00;1114,55701;3196,53003
18/06/2020 11:40:00;1115,33496;3164,99194
18/06/2020 11:50:00;1115,07605;3193,39404
18/06/2020 12:00:00;1113,77905;3176,39502
18/06/2020 12:10:00;1114,94604;3178,20508
18/06/2020 12:20:00;1115,07605;3148,62305
18/06/2020 12:30:00;1115,72498;3184,48706
18/06/2020 12:40:00;1113,90796;3156,84106
18/06/2020 12:50:00;1114,55701;3171,19507
18/06/2020 13:00:00;1114,29797;3162,41699
18/06/2020 13:10:00;1115,33496;3165,63892
18/06/2020 13:20:00;1114,29797;3177,198
18/06/2020 13:30:00;1114,16797;3172,33691
18/06/2020 13:40:00;1113;3172,61499
18/06/2020 13:50:00;1113,64905;3164,74609
18/06/2020 14:00:00;1114,16797;3169,84302
18/06/2020 14:10:00;1115,59497;3184,52295
18/06/2020 14:20:00;1114,16797;3164,29492
18/06/2020 14:30:00;1115,20605;3176,18604
18/06/2020 14:40:00;1114,55701;3171,65308
18/06/2020 14:50:00;1113,90796;3162,63892
18/06/2020 15:00:00;1114,29797;3166,7229
18/06/2020 15:10:00;1113,38904;3164,06006
18/06/2020 15:20:00;1113,38904;3154,34399
18/06/2020 15:30:00;1112,74097;3177,63208
18/06/2020 15:40:00;1114,03796;3165,75098
18/06/2020 15:50:00;1114,94604;3149,01611
18/06/2020 16:00:00;1113,51904;3169,927
18/06/2020 16:10:00;1115,854;3173,20288
18/06/2020 16:20:00;1112,74097;3181,58301
18/06/2020 16:30:00;1113,90796;3162,39307
18/06/2020 16:40:00;1114,03796;3164,56104
18/06/2020 16:50:00;1112,61096;3172,36206
18/06/2020 17:00:00;1113;3151,8811
18/06/2020 17:10:00;1114,16797;3157,55688
18/06/2020 17:20:00;1114,03796;3171,37109
18/06/2020 17:30:00;1112,61096;3173,72095
18/06/2020 17:40:00;1113,90796;3170,97803
18/06/2020 17:50:00;1113,64905;3160,65894
18/06/2020 18:00:00;1112,61096;3174,3999
18/06/2020 18:10:00;1113,90796;3154,01611
18/06/2020 18:20:00;1112,74097;3165,04492
18/06/2020 18:30:00;1113,26001;3168,30688
18/06/2020 18:40:00;1114,29797;3173,16895
18/06/2020 18:50:00;1113,90796;3175,69189
18/06/2020 19:00:00;1113,26001;3148,58691
18/06/2020 19:10:00;1112,87;3154,30396
18/06/2020 19:20:00;1113,13;3165,75806
18/06/2020 19:30:00;1114,68701;3170,375
18/06/2020 19:40:00;1113;3159,72705
18/06/2020 19:50:00;1112,35205;3164,01392
18/06/2020 20:00:00;1114,03796;3167,43311
18/06/2020 20:10:00;1113,26001;3153,13501
18/06/2020 20:20:00;1112,61096;3170,97998
18/06/2020 20:30:00;1113;3164,25391
18/06/2020 20:40:00;1112,74097;3170,02393
18/06/2020 20:50:00;1113,64905;3170,52002
18/06/2020 21:00:00;1112,87;3154,78906
18/06/2020 21:10:00;1114,81702;3194,40796
18/06/2020 21:20:00;1113,13;3192,51611
18/06/2020 21:30:00;1113,51904;3169,27002
18/06/2020 21:40:00;1113,77905;3180,57397
18/06/2020 21:50:00;1113;3176,91895
18/06/2020 22:00:00;1113,77905;3183,50806
18/06/2020 22:10:00;1113,26001;3171,82397
18/06/2020 22:20:00;1113,51904;3155,67896
18/06/2020 22:30:00;1113,77905;3161,90503
18/06/2020 22:40:00;1113,64905;3168,71899
18/06/2020 22:50:00;1112,87;3182,94507
18/06/2020 23:00:00;1113,51904;3150,91602
18/06/2020 23:10:00;1114,03796;3166,96606
18/06/2020 23:20:00;1112,61096;3174,07397
18/06/2020 23:30:00;1113,51904;3169,979
18/06/2020 23:40:00;1113,77905;3156,57788
18/06/2020 23:50:00;1113,77905;3157,22095
19/06/2020;1113,77905;3164,13794
19/06/2020 00:10:00;1113;3151,05005
19/06/2020 00:20:00;1113,64905;3172,0249
19/06/2020 00:30:00;1112,87;3160,90088
19/06/2020 00:40:00;1112,74097;3171,18701
19/06/2020 00:50:00;1112,87;3173,33594
19/06/2020 01:00:00;1112,35205;3163,24805
19/06/2020 01:10:00;1113,13;3171,2251
19/06/2020 01:20:00;1113;3162,63306
19/06/2020 01:30:00;1113,51904;3174,17212
19/06/2020 01:40:00;1112,61096;3165,85596
19/06/2020 01:50:00;1114,03796;3172,0481
19/06/2020 02:00:00;1113,77905;3174,29199
19/06/2020 02:10:00;1114,16797;3164,80103
19/06/2020 02:20:00;1113,38904;3183,43701
19/06/2020 02:30:00;1114,427;3153,12012
19/06/2020 02:40:00;1108,58899;3160,62207
19/06/2020 02:50:00;1108,32996;3164,74902
19/06/2020 03:00:00;1108,71899;3161,38208
19/06/2020 03:10:00;1107,03198;3153,81689
19/06/2020 03:20:00;1107,68103;3143,81689
19/06/2020 03:30:00;1106,38403;3132,09399
19/06/2020 03:40:00;1106,12402;3138,948
19/06/2020 03:50:00;1105,34595;3140,55908
19/06/2020 04:00:00;1105,34595;3161,45288
19/06/2020 04:10:00;1104,17798;3151,57202
19/06/2020 04:20:00;1103,78894;3130,34204
19/06/2020 04:30:00;1102,10205;3139,41406
19/06/2020 04:40:00;1101,58301;3131,89697
19/06/2020 04:50:00;1103,01099;3143,79907
19/06/2020 05:00:00;1101,06494;3143,58496
19/06/2020 05:10:00;1091,46399;3131,4751
19/06/2020 05:20:00;1081,08496;3094,91602
19/06/2020 05:30:00;1082,25305;3095,48999
19/06/2020 05:40:00;1078,75;3085,58789
19/06/2020 05:50:00;1077,97205;3093,52002
19/06/2020 06:00:00;1076,67395;3078,21606
19/06/2020 06:10:00;1072,26294;3055,37109
19/06/2020 06:20:00;1073,94995;3073,1001
19/06/2020 06:30:00;1068,63098;3061,56494
19/06/2020 06:40:00;1066,68506;3064,646
19/06/2020 06:50:00;1067,98206;3053,56909
19/06/2020 07:00:00;1067,85205;3045,8501
19/06/2020 07:10:00;1062,922;3048,63403
19/06/2020 07:20:00;1063,70105;3053,08691
19/06/2020 07:30:00;1063,70105;3053,09106
19/06/2020 07:40:00;1057,73303;3025,66895
19/06/2020 07:50:00;1057,99194;3052,01709
19/06/2020 08:00:00;1054,09998;3031,48804
19/06/2020 08:10:00;1053,71106;3025,83203
19/06/2020 08:20:00;1053,84094;3024,573
19/06/2020 08:30:00;1055,13794;3005,32007
19/06/2020 08:40:00;1048,91101;3017,08789
19/06/2020 08:50:00;1047,09497;3003,10889
19/06/2020 09:00:00;1047,61401;3001,68091
19/06/2020 09:10:00;1042,81299;2992,5979
19/06/2020 09:20:00;1043,073;2989,104
19/06/2020 09:30:00;1040,60803;2994,70093
19/06/2020 09:40:00;1040,21899;2986,01807
19/06/2020 09:50:00;1039,31104;2972,30396
19/06/2020 10:00:00;1038,53198;2975,23804
19/06/2020 10:10:00;1033,47205;2968,63306
19/06/2020 10:20:00;1030,48901;2966,01904
19/06/2020 10:30:00;1030,74805;2965,99512
19/06/2020 10:40:00;1026,85596;2946,80298
19/06/2020 10:50:00;1024,91003;2951,41406
19/06/2020 11:00:00;1023,742;2963,1709
19/06/2020 11:10:00;1023,22302;2960,34302
19/06/2020 11:20:00;1023,35303;2959,87012
19/06/2020 11:30:00;1024,521;2946,30298
19/06/2020 11:40:00;1016,99597;2918,71997
19/06/2020 11:50:00;1017,38501;2923,375
19/06/2020 12:00:00;1017,12598;2913,22192
19/06/2020 12:10:00;1014,27197;2917,26489
19/06/2020 12:20:00;1014,66101;2923,19897
19/06/2020 12:30:00;1012,974;2915,4021
19/06/2020 12:40:00;1008,43298;2919,4231
19/06/2020 12:50:00;1008,43298;2904,46704
19/06/2020 13:00:00;1008,56299;2899,2771
19/06/2020 13:10:00;1001,81702;2893,34302
19/06/2020 13:20:00;1004,28198;2888,61011
19/06/2020 13:30:00;1002,466;2910,48999
19/06/2020 13:40:00;998,18439;2897,76392
19/06/2020 13:50:00;997,53571;2863,55688
19/06/2020 14:00:00;999,48169;2893,19507
19/06/2020 14:10:00;991,82727;2871,11304
19/06/2020 14:20:00;992,73541;2860,19189
19/06/2020 14:30:00;991,69757;2868,68799
19/06/2020 14:40:00;988,58392;2873,9541
19/06/2020 14:50:00;987,28662;2860,56396
19/06/2020 15:00:00;988,97308;2860,2959
19/06/2020 15:10:00;981,31873;2860,84692
19/06/2020 15:20:00;981,96741;2860,45996
19/06/2020 15:30:00;981,05933;2850,9729
19/06/2020 15:40:00;978,46448;2834,13208
19/06/2020 15:50:00;978,46448;2845,64795
19/06/2020 16:00:00;976,51862;2827,36792
19/06/2020 16:10:00;971,58862;2832,78101
19/06/2020 16:20:00;972,36713;2821,27197
19/06/2020 16:30:00;971,71832;2848,01709
19/06/2020 16:40:00;966,65863;2833,89404
19/06/2020 16:50:00;968,8642;2813,12305
19/06/2020 17:00:00;968,60468;2815,8269
19/06/2020 17:10:00;962,11792;2812,24805
19/06/2020 17:20:00;961,46918;2790,12012
19/06/2020 17:30:00;961,599;2804,57104
19/06/2020 17:40:00;957,18793;2780,91504
19/06/2020 17:50:00;957,05823;2793,06104
19/06/2020 18:00:00;959,78271;2781,92798
19/06/2020 18:10:00;954,07428;2790,91992
19/06/2020 18:20:00;952,64722;2765,45605
19/06/2020 18:30:00;953,03638;2780,37207
19/06/2020 18:40:00;944,99292;2742,90796
19/06/2020 18:50:00;945,25232;2734,6001
19/06/2020 19:00:00;945,12262;2757,125
19/06/2020 19:10:00;942,26837;2752,92505
19/06/2020 19:20:00;942,39807;2761,06592
19/06/2020 19:30:00;941,48999;2756,96191
19/06/2020 19:40:00;938,11688;2722,84106
19/06/2020 19:50:00;937,98712;2721,53394
19/06/2020 20:00:00;936,81952;2738,81396
19/06/2020 20:10:00;931,75983;2723,07397
19/06/2020 20:20:00;932,92743;2721,16602
19/06/2020 20:30:00;934,87347;2724,40894
19/06/2020 20:40:00;926,31091;2701,48193
19/06/2020 20:50:00;926,8299;2712,45801
19/06/2020 21:00:00;928,25702;2706,83301
19/06/2020 21:10:00;922,28912;2692,26807
19/06/2020 21:20:00;923,06763;2694,15698
19/06/2020 21:30:00;923,58649;2689,31201
19/06/2020 21:40:00;917,09967;2696,62695
19/06/2020 21:50:00;917,22949;2687,99512
19/06/2020 22:00:00;917,48901;2690,52002
19/06/2020 22:10:00;912,55902;2667,83789
19/06/2020 22:20:00;912,2995;2669,58008
19/06/2020 22:30:00;913,2077;2672,85791
19/06/2020 22:40:00;907,11011;2666,1521
19/06/2020 22:50:00;906,07233;2662,302
19/06/2020 23:00:00;907,36963;2659,68994
19/06/2020 23:10:00;904,12622;2650,48511
19/06/2020 23:20:00;901,66119;2651,20801
19/06/2020 23:30:00;903,99652;2643,13599
19/06/2020 23:40:00;900,10437;2635,25903
19/06/2020 23:50:00;897,6394;2632,29102
20/06/2020;896,86102;2638,03296
20/06/2020 00:10:00;892,70947;2621,78711
20/06/2020 00:20:00;891,80127;2608,18799
20/06/2020 00:30:00;893,09869;2617,323
20/06/2020 00:40:00;885,96332;2618,78711
20/06/2020 00:50:00;888,55798;2607,60791
20/06/2020 01:00:00;888,29852;2620,45801
20/06/2020 01:10:00;883,62799;2588,4209
20/06/2020 01:20:00;884,01721;2601,77002
20/06/2020 01:30:00;883,23877;2582,10303
20/06/2020 01:40:00;877,53052;2575,80908
20/06/2020 01:50:00;878,5683;2581,76709
20/06/2020 02:00:00;878,69812;2579,27295
20/06/2020 02:10:00;867,28137;2554,4519
20/06/2020 02:20:00;868,57867;2565,37207
20/06/2020 02:30:00;868,31921;2557,12012
20/06/2020 02:40:00;857,29169;2530,27808
20/06/2020 02:50:00;857,94043;2534,0979
20/06/2020 03:00:00;858,07013;2521,82593
20/06/2020 03:10:00;847,69128;2503,54199
20/06/2020 03:20:00;847,69128;2502,18091
20/06/2020 03:30:00;847,82098;2500,63208
20/06/2020 03:40:00;838,8692;2474,03809
20/06/2020 03:50:00;839,25848;2477,33594
20/06/2020 04:00:00;839,38818;2472,05298
20/06/2020 04:10:00;828,2309;2434,052
20/06/2020 04:20:00;827,97137;2463,2981
20/06/2020 04:30:00;828,74988;2452,0249
20/06/2020 04:40:00;818,76031;2435,08496
20/06/2020 04:50:00;819,01978;2418,23706
20/06/2020 05:00:00;819,92792;2429,02905
20/06/2020 05:10:00;808,38147;2407,74194
20/06/2020 05:20:00;808,64093;2408,91992
20/06/2020 05:30:00;807,21381;2404,854
20/06/2020 05:40:00;798,65131;2366,81299
20/06/2020 05:50:00;798,65131;2376,50903
20/06/2020 06:00:00;798,26208;2375,06396
20/06/2020 06:10:00;787,75348;2362,25391
20/06/2020 06:20:00;787,75348;2350,76709
20/06/2020 06:30:00;787,49408;2364,30591
20/06/2020 06:40:00;778,28278;2316,22705
20/06/2020 06:50:00;777,37469;2321,87305
20/06/2020 07:00:00;778,41248;2327,90991
20/06/2020 07:10:00;768,55261;2311,20898
20/06/2020 07:20:00;768,42291;2295,34399
20/06/2020 07:30:00;768,16351;2298,04712
20/06/2020 07:40:00;757,39539;2279,84595
20/06/2020 07:50:00;760,76849;2275,64795
20/06/2020 08:00:00;759,99011;2275,21606
20/06/2020 08:10:00;750,77887;2260,29395
20/06/2020 08:20:00;747,79492;2241,87012
20/06/2020 08:30:00;747,92468;2242,63794
20/06/2020 08:40:00;737,54602;2224,2771
20/06/2020 08:50:00;738,06488;2226,125
20/06/2020 09:00:00;737,80542;2239,63599
20/06/2020 09:10:00;730,66992;2203,65601
20/06/2020 09:20:00;731,05908;2201,89502
20/06/2020 09:30:00;728,72388;2195,86011
20/06/2020 09:40:00;719,6424;2174,0271
20/06/2020 09:50:00;717,43689;2177,55811
20/06/2020 10:00:00;717,30719;2172,34595
20/06/2020 10:10:00;710,17169;2144,26196
20/06/2020 10:20:00;708,09589;2144,62109
20/06/2020 10:30:00;709,26349;2152,62695
20/06/2020 10:40:00;699,40369;2114,13989
20/06/2020 10:50:00;697,7171;2126,37891
20/06/2020 11:00:00;698,23608;2124,71997
20/06/2020 11:10:00;690,4519;2102,1311
20/06/2020 11:20:00;689,41412;2098,23096
20/06/2020 11:30:00;689,54382;2099,58594
20/06/2020 11:40:00;678,77582;2070,14307
20/06/2020 11:50:00;678,25677;2069,46997
20/06/2020 12:00:00;678,38647;2072,87891
20/06/2020 12:10:00;670,99158;2044,85205
20/06/2020 12:20:00;668,78607;2046,52905
20/06/2020 12:30:00;671,12128;2059,53198
20/06/2020 12:40:00;658,40729;2015,44104
20/06/2020 12:50:00;658,53699;2018,17798
20/06/2020 13:00:00;657,36938;2017,62195
20/06/2020 13:10:00;648,54742;1997,33606
20/06/2020 13:20:00;647,76898;1995,42505
20/06/2020 13:30:00;649,71503;1994,84399
20/06/2020 13:40:00;638,16852;1970,02405
20/06/2020 13:50:00;638,16852;1968,98804
20/06/2020 14:00:00;638,42798;1967,73999
20/06/2020 14:10:00;628,95728;1938,79395
20/06/2020 14:20:00;629,73578;1948,51001
20/06/2020 14:30:00;628,82758;1945,84595
20/06/2020 14:40:00;618,44879;1917,85596
20/06/2020 14:50:00;618,96771;1909,08398
20/06/2020 15:00:00;619,61639;1905,96106
20/06/2020 15:10:00;609,10779;1887,29504
20/06/2020 15:20:00;608,84839;1888,20996
20/06/2020 15:30:00;607,29163;1881,15405
20/06/2020 15:40:00;599,50739;1859,07703
20/06/2020 15:50:00;599,24792;1859,76501
20/06/2020 16:00:00;598,33978;1863,16296
20/06/2020 16:10:00;593,40991;1852,87695
20/06/2020 16:20:00;593,79901;1841,37
20/06/2020 16:30:00;594,70721;1853,21399
20/06/2020 16:40:00;589,2583;1829,09094
20/06/2020 16:50:00;588,73938;1837,81604
20/06/2020 17:00:00;588,47992;1832,69104
20/06/2020 17:10:00;585,10681;1820,65796
20/06/2020 17:20:00;584,84729;1821,18994
20/06/2020 17:30:00;582,38232;1817,03198
20/06/2020 17:40:00;578,87952;1807,31396
20/06/2020 17:50:00;580,04712;1805,203
20/06/2020 18:00:00;580,04712;1809,01904
20/06/2020 18:10:00;571,09528;1791,84094
20/06/2020 18:20:00;573,17108;1794,82202
20/06/2020 18:30:00;573,30078;1784,70605
20/06/2020 18:40:00;569,27911;1784,93201
20/06/2020 18:50:00;568,76007;1783,38306
20/06/2020 19:00:00;569,40881;1782,86096
20/06/2020 19:10:00;564,73828;1769,32104
20/06/2020 19:20:00;563,44098;1769,98804
20/06/2020 19:30:00;564,34912;1767,98901
20/06/2020 19:40:00;558,64069;1756,75098
20/06/2020 19:50:00;557,7326;1762,646
20/06/2020 20:00:00;559,67859;1765,05103
20/06/2020 20:10:00;554,22968;1751,01501
20/06/2020 20:20:00;554,4892;1745,948
20/06/2020 20:30:00;554,87842;1749,16895
20/06/2020 20:40:00;549,94849;1747,96594
20/06/2020 20:50:00;547,61322;1742,27002
20/06/2020 21:00:00;550,20789;1736,59302
20/06/2020 21:10:00;545,01849;1734,42896
20/06/2020 21:20:00;544,88879;1750,19397
20/06/2020 21:30:00;542,03461;1730,29602
20/06/2020 21:40:00;538,27228;1727,92505
20/06/2020 21:50:00;538,92102;1726,76599
20/06/2020 22:00:00;538,79132;1728,70801
20/06/2020 22:10:00;535,02887;1713,64001
20/06/2020 22:20:00;534,12073;1722,65698
20/06/2020 22:30:00;533,73163;1718,06995
20/06/2020 22:40:00;529,96918;1707,77502
20/06/2020 22:50:00;530,87738;1707,50195
20/06/2020 23:00:00;529,06097;1701,36499
20/06/2020 23:10:00;524,77979;1696,68799
20/06/2020 23:20:00;523,87158;1684,34497
20/06/2020 23:30:00;523,74188;1688,12097
20/06/2020 23:40:00;519,59039;1680,58899
20/06/2020 23:50:00;519,46057;1672,78601
21/06/2020;520,8877;1673,44604
21/06/2020 00:10:00;514,91992;1662,25696
21/06/2020 00:20:00;513,10358;1654,375
21/06/2020 00:30:00;514,5307;1662,29102
21/06/2020 00:40:00;508,17361;1644,53503
21/06/2020 00:50:00;509,34131;1636,77002
21/06/2020 01:00:00;508,6926;1657,77905
21/06/2020 01:10:00;503,6329;1638,82898
21/06/2020 01:20:00;503,7627;1632,57202
21/06/2020 01:30:00;504,28159;1635,39905
21/06/2020 01:40:00;498,57321;1626,08801
21/06/2020 01:50:00;499,09219;1623,76099
21/06/2020 02:00:00;499,35172;1622,34497
21/06/2020 02:10:00;494,9407;1607,37598
21/06/2020 02:20:00;493,25409;1604,65796
21/06/2020 02:30:00;494,81091;1613,64697
21/06/2020 02:40:00;489,2323;1598,92505
21/06/2020 02:50:00;488,97281;1599,00806
21/06/2020 03:00:00;486,37811;1529,23706
21/06/2020 03:10:00;478,85339;1564,505
21/06/2020 03:20:00;478,98318;1578,40002
21/06/2020 03:30:00;478,85339;1584,56396
21/06/2020 03:40:00;478,3345;1580,57104
21/06/2020 03:50:00;479,37241;1583,75903
21/06/2020 04:00:00;478,85339;1579,42798
21/06/2020 04:10:00;474,5722;1566,39197
21/06/2020 04:20:00;473,01541;1570,84595
21/06/2020 04:30:00;474,05331;1566,91394
21/06/2020 04:40:00;467,5665;1559,97595
21/06/2020 04:50:00;469,38281;1556,85999
21/06/2020 05:00:00;470,42068;1551,33105
21/06/2020 05:10:00;465,49069;1546,49304
21/06/2020 05:20:00;465,1015;1546,31702
21/06/2020 05:30:00;466,52859;1548,97803
21/06/2020 05:40:00;459,52289;1533,448
21/06/2020 05:50:00;458,87421;1527,35498
21/06/2020 06:00:00;458,74451;1531,89905
21/06/2020 06:10:00;454,72269;1523,875
21/06/2020 06:20:00;454,72269;1518,80396
21/06/2020 06:30:00;453,94421;1525,18701
21/06/2020 06:40:00;449,14401;1510,30005
21/06/2020 06:50:00;448,3656;1503,01001
21/06/2020 07:00:00;447,71701;1515,68896
21/06/2020 07:10:00;446,54929;1509,19897
21/06/2020 07:20:00;444,34381;1506,66101
21/06/2020 07:30:00;442,52759;1509,33606
21/06/2020 07:40:00;438,7652;1495,54797
21/06/2020 07:50:00;439,41391;1492,76794
21/06/2020 08:00:00;437,0787;1489,974
21/06/2020 08:10:00;433,31631;1485,32202
21/06/2020 08:20:00;433,70551;1480,27905
21/06/2020 08:30:00;433,965;1480,30103
21/06/2020 08:40:00;436,42999;1484,25195
21/06/2020 08:50:00;428,38641;1468,66199
21/06/2020 09:00:00;430,073;1468,39502
21/06/2020 09:10:00;422,28879;1451,76697
21/06/2020 09:20:00;422,9375;1453,17505
21/06/2020 09:30:00;424,1051;1453,66895
21/06/2020 09:40:00;418,65619;1436,05005
21/06/2020 09:50:00;420,6022;1432,70996
21/06/2020 10:00:00;416,9697;1442,46106
21/06/2020 10:10:00;415,28311;1427,77002
21/06/2020 10:20:00;413,72629;1431,71497
21/06/2020 10:30:00;414,24521;1430,31396
21/06/2020 10:40:00;409,18549;1412,96704
21/06/2020 10:50:00;408,5368;1412,92603
21/06/2020 11:00:00;409,8342;1413,16895
21/06/2020 11:10:00;404,51501;1398,98999
21/06/2020 11:20:00;404,25562;1398,31897
21/06/2020 11:30:00;404,25562;1400,15906
21/06/2020 11:40:00;399,32571;1387,69995
21/06/2020 11:50:00;398,9364;1383,95496
21/06/2020 12:00:00;398,9364;1389,01404
21/06/2020 12:10:00;393,0983;1366,66101
21/06/2020 12:20:00;394,0065;1378,18896
21/06/2020 12:30:00;393,0983;1370,271
21/06/2020 12:40:00;389,59549;1355,63306
21/06/2020 12:50:00;390,3739;1363,59497
21/06/2020 13:00:00;388,81711;1361,37805
21/06/2020 13:10:00;382,58981;1342,65503
21/06/2020 13:20:00;384,66559;1341,71899
21/06/2020 13:30:00;383,49789;1343,33398
21/06/2020 13:40:00;376,75171;1330,896
21/06/2020 13:50:00;378,1788;1331,08398
21/06/2020 14:00:00;378,56799;1333,09998
21/06/2020 14:10:00;374,41641;1321,67102
21/06/2020 14:20:00;375,32458;1315,31104
21/06/2020 14:30:00;371,69199;1315,91797
21/06/2020 14:40:00;369,09729;1304,15295
21/06/2020 14:50:00;369,746;1307,77905
21/06/2020 15:00:00;368,05939;1301,72302
21/06/2020 15:10:00;363,51871;1292,396
21/06/2020 15:20:00;363,9079;1289,18604
21/06/2020 15:30:00;364,68631;1282,672
21/06/2020 15:40:00;360,2753;1275,47803
21/06/2020 15:50:00;359,1077;1272,83801
21/06/2020 16:00:00;358,71841;1285,41504
21/06/2020 16:10:00;354,69669;1259,51904
21/06/2020 16:20:00;353,78851;1260,87805
21/06/2020 16:30:00;355,4751;1260,71997
21/06/2020 16:40:00;350,15591;1245,50195
21/06/2020 16:50:00;348,46939;1247,15698
21/06/2020 17:00:00;348,85861;1254,92004
21/06/2020 17:10:00;342,89069;1233,50305
21/06/2020 17:20:00;343,5394;1231,57202
21/06/2020 17:30:00;344,83679;1230,18896
21/06/2020 17:40:00;339,38791;1219,81299
21/06/2020 17:50:00;339,38791;1221,09399
21/06/2020 18:00:00;338,99869;1225,328
21/06/2020 18:10:00;334,0687;1205,03406
21/06/2020 18:20:00;334,0687;1206,71204
21/06/2020 18:30:00;332,25241;1200,53796
21/06/2020 18:40:00;330,04691;1185,64099
21/06/2020 18:50:00;328,8793;1193,91504
21/06/2020 19:00:00;328,61981;1186,63196
21/06/2020 19:10:00;323,68991;1176,53296
21/06/2020 19:20:00;324,33859;1182,177
21/06/2020 19:30:00;322,65201;1186,94104
21/06/2020 19:40:00;318,37079;1171,35303
21/06/2020 19:50:00;318,88971;1172,20398
21/06/2020 20:00:00;316,8139;1176,29395
21/06/2020 20:10:00;313,82999;1179,13904
21/06/2020 20:20:00;313,82999;1181,38501
21/06/2020 20:30:00;313,5705;1188,77502
21/06/2020 20:40:00;308,77029;1191,00195
21/06/2020 20:50:00;310,45691;1196,57202
21/06/2020 21:00:00;309,28922;1201,21497
21/06/2020 21:10:00;302,93219;1201,89697
21/06/2020 21:20:00;304,8782;1207,67395
21/06/2020 21:30:00;303,7106;1217,547
21/06/2020 21:40:00;300,078;1220,75195
21/06/2020 21:50:00;269,33069;1193,12195
21/06/2020 22:00:00;238,7132;1184,823
21/06/2020 22:10:00;189,93269;1146,71704
21/06/2020 22:20:00;188,24609;1134,34705
21/06/2020 22:30:00;188,89481;1129,29895
21/06/2020 22:40:00;188,37579;1118,23096
21/06/2020 22:50:00;188,6353;1102,98096
21/06/2020 23:00:00;187,8569;1096,85803
21/06/2020 23:10:00;188,37579;1086,81604
21/06/2020 23:20:00;145,8226;1063,375
21/06/2020 23:30:00;148,1579;1052,84705
21/06/2020 23:40:00;149,3255;1040,66394
21/06/2020 23:50:00;91,72294;983,71729
22/06/2020;72,1329;972,065
22/06/2020 00:10:00;2,59471;830,95142
22/06/2020 00:20:00;2,72444;815,08618
22/06/2020 00:30:00;2,59471;685,90997
22/06/2020 00:40:00;2,72444;676,08752
22/06/2020 00:50:00;2,59471;664,81891
22/06/2020 01:00:00;2,59471;667,85217
22/06/2020 01:10:00;2,59471;510,36469
22/06/2020 01:20:00;2,59471;205,651
22/06/2020 01:30:00;2,59471;76,29019
22/06/2020 01:40:00;2,59471;77,10579
22/06/2020 01:50:00;2,59471;72,23115
22/06/2020 02:00:00;2,59471;77,91677
22/06/2020 02:10:00;2,59471;75,37897
22/06/2020 02:20:00;2,59471;75,37737
22/06/2020 02:30:00;2,59471;76,09046
22/06/2020 02:40:00;2,59471;74,16354
22/06/2020 02:50:00;2,72444;75,37897
22/06/2020 03:00:00;2,59471;74,7664
22/06/2020 03:10:00;2,72444;77,81794
22/06/2020 03:20:00;2,59471;74,7664
22/06/2020 03:30:00;2,72444;73,5584
22/06/2020 03:40:00;2,72444;84,70055
22/06/2020 03:50:00;2,59471;72,84842
22/06/2020 04:00:00;2,59471;67,06736
22/06/2020 04:10:00;2,72444;75,27995
22/06/2020 04:20:00;2,59471;70,1091
22/06/2020 04:30:00;2,72444;72,34306
22/06/2020 04:40:00;2,59471;73,5584
22/06/2020 04:50:00;2,59471;73,5584
22/06/2020 05:00:00;2,59471;72,84569
22/06/2020 05:10:00;2,59471;87,24531
22/06/2020 05:20:00;2,59471;72,33657
22/06/2020 05:30:00;2,59471;72,24188
22/06/2020 05:40:00;2,59471;71,72984
22/06/2020 05:50:00;2,59471;72,84701
22/06/2020 06:00:00;2,59471;71,628
22/06/2020 06:10:00;2,59471;73,55031
22/06/2020 06:20:00;2,59471;72,84569
22/06/2020 06:30:00;2,59471;72,84569
22/06/2020 06:40:00;2,59471;71,628
22/06/2020 06:50:00;2,59471;72,93774
22/06/2020 07:00:00;2,59471;72,84701
22/06/2020 07:10:00;2,59471;72,24188
22/06/2020 07:20:00;2,59471;72,24188
22/06/2020 07:30:00;2,59471;72,93774
22/06/2020 07:40:00;2,59471;72,43578
22/06/2020 07:50:00;2,59471;72,43578
22/06/2020 08:00:00;2,59471;71,72984
22/06/2020 08:10:00;2,59471;84,30362
22/06/2020 08:20:00;2,59471;80,7472
22/06/2020 08:30:00;2,59471;82,97298
22/06/2020 08:40:00;2,59471;82,67262
22/06/2020 08:50:00;2,59471;84,88757
22/06/2020 09:00:00;2,59471;84,2799
22/06/2020 09:10:00;2,59471;76,26271
22/06/2020 09:20:00;2,59471;70,48739
22/06/2020 09:30:00;2,59471;70,57982
22/06/2020 09:40:00;2,59471;70,37745
22/06/2020 09:50:00;2,59471;71,19238
22/06/2020 10:00:00;2,59471;70,57982
22/06/2020 10:10:00;2,59471;70,57982
22/06/2020 10:20:00;2,59471;83,76033
22/06/2020 10:30:00;2,59471;74,83756
22/06/2020 10:40:00;2,59471;69,76488
22/06/2020 10:50:00;2,59471;82,43317
22/06/2020 11:00:00;2,59471;81,20964
22/06/2020 11:10:00;2,59471;84,35388
22/06/2020 11:20:00;2,59471;82,42348
22/06/2020 11:30:00;2,59471;80,58964
22/06/2020 11:40:00;2,59471;81,2006
22/06/2020 11:50:00;2,59471;79,2796
22/06/2020 12:00:00;2,59471;64,76619
22/06/2020 12:10:00;2,59471;65,47307
22/06/2020 12:20:00;2,59471;63,55085
22/06/2020 12:30:00;2,59471;50,3757
22/06/2020 12:40:00;2,59471;61,12609
22/06/2020 12:50:00;2,59471;63,64996
22/06/2020 13:00:00;2,59471;54,93719
22/06/2020 13:10:00;2,59471;43,48857
22/06/2020 13:20:00;2,59471;49,17156
22/06/2020 13:30:00;2,59471;43,98998
22/06/2020 13:40:00;2,59471;34,75227
22/06/2020 13:50:00;2,59471;30,29093
22/06/2020 14:00:00;2,59471;25,92259
22/06/2020 14:10:00;2,59471;24,00159
22/06/2020 14:20:00;2,59471;21,25832
22/06/2020 14:30:00;2,59471;12,32397
22/06/2020 14:40:00;2,59471;11,09856
22/06/2020 14:50:00;2,59471;14,96832
22/06/2020 15:00:00;2,72444;12,32049
22/06/2020 15:10:00;2,59471;9,77168
22/06/2020 15:20:00;2,72444;9,87343
22/06/2020 15:30:00;2,72444;9,66956
22/06/2020 15:40:00;2,59471;10,4844
22/06/2020 15:50:00;2,59471;10,28043
22/06/2020 16:00:00;2,59471;10,4844
22/06/2020 16:10:00;2,72444;9,87183
22/06/2020 16:20:00;2,59471;9,66786
22/06/2020 16:30:00;2,59471;9,66786
22/06/2020 16:40:00;2,59471;9,7697
22/06/2020 16:50:00;2,59471;10,4844
22/06/2020 17:00:00;2,59471;10,28043
22/06/2020 17:10:00;2,59471;10,38227
22/06/2020 17:20:00;2,59471;10,38255
22/06/2020 17:30:00;2,59471;10,4844
22/06/2020 17:40:00;2,59471;9,15912
22/06/2020 17:50:00;2,59471;9,15912
22/06/2020 18:00:00;2,59471;9,7697
22/06/2020 18:10:00;2,59471;9,66786
22/06/2020 18:20:00;2,59471;9,15714
22/06/2020 18:30:00;2,72444;9,7697
22/06/2020 18:40:00;2,59471;9,66758
22/06/2020 18:50:00;2,59471;9,87183
22/06/2020 19:00:00;2,59471;9,15714
22/06/2020 19:10:00;2,59471;9,87183
22/06/2020 19:20:00;2,59471;9,7697
22/06/2020 19:30:00;2,59471;9,05501
22/06/2020 19:40:00;2,72444;9,87183
22/06/2020 19:50:00;2,59471;9,66786
22/06/2020 20:00:00;2,72444;9,0553
22/06/2020 20:10:00;2,59471;9,66758
22/06/2020 20:20:00;2,59471;9,87183
22/06/2020 20:30:00;2,59471;9,66786
22/06/2020 20:40:00;2,59471;9,87183
22/06/2020 20:50:00;2,59471;9,87183
22/06/2020 21:00:00;2,72444;9,7697
22/06/2020 21:10:00;2,59471;9,66786
22/06/2020 21:20:00;2,59471;9,05501
22/06/2020 21:30:00;2,59471;9,76999
22/06/2020 21:40:00;2,59471;9,7697
22/06/2020 21:50:00;2,59471;9,87183
22/06/2020 22:00:00;2,59471;9,15714
22/06/2020 22:10:00;2,59471;9,25926
22/06/2020 22:20:00;2,59471;9,7697
22/06/2020 22:30:00;2,59471;9,7697
22/06/2020 22:40:00;2,59471;9,7697
22/06/2020 22:50:00;2,72444;9,0553
22/06/2020 23:00:00;2,72444;1,8232
